{
    "n_layers": 3,
    "hidden_dim": 512,
    "dropout": 0.1,
    "lr": 0.0003778936098941074,
    "weight_decay": 0.001170783180603839
}